inspection_id,dba_name,address,raw_license,resolved_license,fix_status,candidate_licenses
2625649,THE POINT NIGHTCLUB,1565 N MILWAUKEE AVE,0,,unresolved,
2624029,FRIDA'S PLACE SOUP KITHCEN,1438 W 51ST ST BLDG,0,,unresolved,
2623666,FRIDA'S PLACE SOUP KITHCEN,1438 W 51ST ST BLDG,0,,unresolved,
2622893,HOLY RESURRECTION SERBIAN ORTHODOX CHURCH,3062 W PALMER BLVD,0,,unresolved,
2622739,BSMOOTH,11601 W TOUHY AVE,0,,unresolved,
2620371,AFC SUSHI @ TONYS FINER FOODS,3607 W FULLERTON AVE,0,,unresolved,
2620222,MARATHON,649 N ASHLAND AVE,0,,unresolved,
2619707,ST. ANDREW'S GREEK ORTHODOX CHURCH,5649 N Sheridan RD,0,,unresolved,
2618821,ANNUNCIATION GREEK ORTHODOX CHURCH,1017 N LA SALLE DR,0,,unresolved,
2618424,YOUNG SHING FOODS INC.,2119 S PEORIA ST,0,,unresolved,
2618140,ASADO COFFEE ROASTERS,22 E JACKSON BLVD,0,2354850,recovered_name_addr,2354850
2617997,EPIPHANY PARISH/CHURCH,2524 S KEELER AVE,0,,unresolved,
2617681,EPIPHANY PARISH/CHURCH,2524 S KEELER AVE,0,,unresolved,
2617273,ST. GENEVIEVE CHURCH,4835 W ALTGELD ST,0,,unresolved,
2616660,HOLY RESURRECTION SERBIAN ORTHODOX CATHEDRAL,5701 N REDWOOD DR,0,,unresolved,
2616479,ST. DEMETRIOS GREEK ORTHODOX CHURCH,2727 W WINONA ST,0,,unresolved,
2616295,ASAL RESTAURANT,4748 N KENNETH AVE,0,,unresolved,
2616054,CHURCH OF THE THREE CROSSES,333 W WISCONSIN ST,0,,unresolved,
2615371,ST. GEORGE GREEK ORTHODOX CHURCH,2701 N SHEFFIELD AVE,0,,unresolved,
2615205,ST. JEROME PARISH,1709 W LUNT,0,,unresolved,
2614088,DAMEN MARKET INC.,5700 S DAMEN AVE,0,,unresolved,
2613871,LUBAVITCH GIRLS HIGH SCHOOL,6350 N WHIPPLE ST,0,,unresolved,
2613824,DAMEN MARKET INC.,5700 S DAMEN AVE,0,,unresolved,
2613621,DAMEN MARKET INC.,5700 S DAMEN AVE,0,,unresolved,
2613346,KENWOOD VLGE NRSG AND RHB CTR,4505 S DREXEL BLVD BLDG,0,,unresolved,
2613340,LEONA'S PIZZERIA,4237 N CICERO AVE,0,,unresolved,
2613325,LUBAVITCH GIRLS HIGH SCHOOL,6350 N WHIPPLE ST,0,,unresolved,
2612180,LEONA'S PIZZERIA,4237 N CICERO AVE,0,,unresolved,
2612079,DORE EARLY CHILDHOOD CENTER,6108 S Natoma AVE,0,,unresolved,
2611447,AIRE ANCIENT BATHS CHICAGO,770 N HALSTED ST,0,,unresolved,
2611192,AUDREYS LOVE SNACK SHOP,8645 S RACINE AVE,0,,unresolved,
2610573,MUNCHIES,3900 W MADISON ST,0,2536103,recovered_name_addr,2536103
2610517,PEPPER PALACE,600 E GRAND AVE,0,,unresolved,
2610134,AUDREYS LOVE SNACK SHOP,8645 S RACINE AVE,0,,unresolved,
2609757,MUNCHIES,3900 W MADISON ST,0,2536103,recovered_name_addr,2536103
2609515,ASAL RESTAURANT,4748 N KENNETH AVE,0,,unresolved,
2608523,"C & A WIRELESS, INC.",6261 W GRAND AVE,0,,unresolved,
2608439,PEPPER PALACE,600 E GRAND AVE,0,,unresolved,
2608339,"C & A WIRELESS, INC.",6261 W GRAND AVE,0,,unresolved,
2608112,PEPPER PALACE,600 E GRAND AVE,0,,unresolved,
2608090,"C & A WIRELESS, INC.",6261 W GRAND AVE,0,,unresolved,
2607198,OMBUDSMAN ROSELAND,10928 S HALSTED ST,0,,unresolved,
2604709,ABOVE AND BEYOND,817 S PULASKI RD,0,,unresolved,
2604242,ASAL RESTAURANT,4748 N KENNETH AVE,0,,unresolved,
2604019,ABOVE AND BEYOND,817 S PULASKI RD,0,,unresolved,
2602643,LITTLE BLACK PEARL,1060 E 47TH ST,0,,unresolved,
2602638,KIDS CAFE 1 & 2,1060 E 47TH ST,0,,unresolved,
2602281,SHEPHERD HOPE CHRISTIAN MINISTRY,838 W Marquette Rd (6700S),0,,unresolved,
2601959,MCDONALD'S,6560 S STONY ISLAND AVE,0,,ambiguous,1473532;1770427;1943516;2569616
2600838,APOSTOLIC FAITH CHURCH,3823 S INDIANA AVE,0,,unresolved,
2600787,JOE'S BARBEQ AND FISH #1,4809-11 W MADISON ST,0,,unresolved,
2600573,HOLY NATIVITY ROMANIAN ORTHODOX CHURCH,2820 W ARDMORE ST,0,,unresolved,
2600588,ST. PAULS CHURCH,2335 N ORCHARD ST,0,,unresolved,
2600481,MCDONALD'S,6560 S STONY ISLAND AVE,0,,ambiguous,1473532;1770427;1943516;2569616
2600079,HOLY NATIVITY ROMANIAN ORTHODOX CHURCH,2820 W ARDMORE ST,0,,unresolved,
2598777,SHEPHERD HOPE CHRISTIAN MINISTRY,838 W Marquette Rd (6700S),0,,unresolved,
2598504,SHEPHERD HOPE CHRISTIAN MINISTRY,838 W Marquette Rd (6700S),0,,unresolved,
2598503,MISSIONARIES OF CHARITY INC.,115 N OAKLEY BLVD,0,1300649,recovered_name_addr,1300649
2598367,SHEPHERD HOPE CHRISTIAN MINISTRY,838 W Marquette Rd (6700S),0,,unresolved,
2595788,BSMOOTH,11601 W TOUHY AVE,0,,unresolved,
2595512,ANNUNCIATION GREEK ORTHODOX CHURCH,1017 N LA SALLE DR,0,,unresolved,
2595326,EPIPHANY PARISH/CHURCH,2524 S KEELER AVE,0,,unresolved,
2595233,ST. DEMETRIOS GREEK ORTHODOX CHURCH,2727 W WINONA ST,0,,unresolved,
2595078,ST. ANDREW'S GREEK ORTHODOX CHURCH,5649 N Sheridan RD,0,,unresolved,
2595022,MIDWEST BUDDHIST TEMPLE,435 W MENOMONEE,0,,unresolved,
2594959,ST. DEMETRIOS GREEK ORTHODOX CHURCH,2727 W WINONA ST,0,,unresolved,
2594180,LUBAVITCH GIRLS HIGH SCHOOL,6350 N WHIPPLE ST,0,,unresolved,
2593662,ST. JEROME PARISH,1709 W LUNT,0,,unresolved,
2593246,INN OF CHICAGO,162 E OHIO ST,0,,ambiguous,2506391;2506392
2593281,CHURCH OF THE THREE CROSSES,333 W WISCONSIN ST,0,,unresolved,
2592656,Metropolis Coffee Company T-5,11601 W TOUHY AVE,0,,ambiguous,2887139;2887140
2592265,ST. GEORGE GREEK ORTHODOX CHURCH,2701 N SHEFFIELD AVE,0,,unresolved,
2592179,JIMMY JOHN'S,520 N MICHIGAN AVE,0,2233126,recovered_name_addr,2233126
2591666,HOLY RESURRECTION SERBIAN ORTHODOX CATHEDRAL,5701 N REDWOOD DR,0,,unresolved,
2591508,HOLY RESURRECTION SERBIAN ORTHODOX CATHEDRAL,5701 N REDWOOD DR,0,,unresolved,
2589488,ST STANISLAUS B&M CHURCH,5352 W BELDEN AVE,0,,unresolved,
2589467,ST. GENEVIEVE CHURCH,4835 W ALTGELD ST,0,,unresolved,
2589416,BOBBY E WRIGHT,3525 W JACKSON,0,,unresolved,
2589338,DORE EARLY CHILDHOOD CENTER,6108 S Natoma AVE,0,,unresolved,
2589185,CITY SKYLINE CHICAGO INC,4755 N LINCOLN AVE,0,2934259,recovered_name_addr,2934259
2589052,BOBBY E WRIGHT,3525 W JACKSON,0,,unresolved,
2588586,PACIFIC GARDEN MISSION,1458 S CANAL ST,0,,unresolved,
2588502,INN OF CHICAGO,162 E OHIO ST,0,,ambiguous,2506391;2506392
2588471,INN OF CHICAGO,162 E OHIO ST,0,,ambiguous,2506391;2506392
2586686,OMBUDSMAN ROSELAND,10928 S HALSTED ST,0,,unresolved,
2586572,LOVE'S LEAFY BEAN LLC,9501 S DR MARTIN LUTHER KING JR DR,0,,unresolved,
2586256,SUR LA TABLE,900 N MICHIGAN AVE,,,unresolved,
2586119,MERCY HOME FOR GIRLS,11600 S LONGWOOD DR,0,,unresolved,
2585318,HEARTLAND HUMAN CARE INTERNATIONL CHILDREN CTR.,1620 W CHASE ST BLDG 1ST-2NDFL&BSMT,0,,unresolved,
2582571,HOTEL CHICAGO,1622 W JACKSON BLVD,0,3007266,recovered_name_addr,3007266
2582610,JOE'S BARBEQ AND FISH #1,4809-11 W MADISON ST,0,,unresolved,
2582280,GARFIELD EXPRESS,43 N HOMAN,0,,unresolved,
2581939,LITTLE BLACK PEARL,1060 E 47TH ST,0,,unresolved,
2581712,ANNUNCIATION GREEK ORTHODOX CHURCH,1017 N LA SALLE DR,0,,unresolved,
2581647,JOE'S BARBEQ AND FISH #1,4809-11 W MADISON ST,0,,unresolved,
2581390,ST. PAULS CHURCH,2335 N ORCHARD ST,0,,unresolved,
2581027,ST STANISLAUS B&M CHURCH,5352 W BELDEN AVE,0,,unresolved,
2581000,YOUNG SHING FOODS INC.,2119 S PEORIA ST,0,,unresolved,
2580922,WINGS GREENS & THINGS,6767 S SOUTH CHICAGO AVE,0,,unresolved,
2580463,EPIPHANY PARISH/CHURCH,2524 S KEELER AVE,0,,unresolved,
2579790,HOLY NATIVITY ROMANIAN ORTHODOX CHURCH,2820 W ARDMORE ST,0,,unresolved,
2578787,RISING SUN JERK,74 E 71ST ST,0,2944115,recovered_name_addr,2944115
2578277,ST. JEROME PARISH,1709 W LUNT,0,,unresolved,
2578219,EPIPHANY PARISH/CHURCH,2524 S KEELER AVE,0,,unresolved,
2578215,JEWISH COMMUNITY CENTER,1630 N MILWAUKEE AVE,0,,unresolved,
2577758,PENNINGTON'S FOOD AND SNACKS,410 E 79TH ST,0,,unresolved,
2577749,ST. ANDREW'S GREEK ORTHODOX CHURCH,5649 N Sheridan RD,0,,unresolved,
2577760,SWEDISH COVENANT HOSPITAL,5145 N CALIFORNIA AVE,0,,ambiguous,2114300;2205617;23243;23245
2577701,MARYVILLE ACADEMY ST. ROSE OF LIMA,1456 W OAKDALE AVE,0,,unresolved,
2577241,SWEDISH COVENANT HOSPITAL,5145 N CALIFORNIA AVE,0,,ambiguous,2114300;2205617;23243;23245
2577074,JEWISH COMMUNITY CENTER,1630 N MILWAUKEE AVE,0,,unresolved,
2577016,DEAR MADISON,1140 W MADISON,0,,ambiguous,2419015;2419016
2576806,MINI SUPER DANY,10111 S EWING AVE,0,,unresolved,
2576555,ST. DEMETRIOS GREEK ORTHODOX CHURCH,2727 W WINONA ST,0,,unresolved,
2576550,MIDWEST BUDDHIST TEMPLE,435 W MENOMONEE,0,,unresolved,
2576489,Chicagoland CommissaryLLC/Dunkin Donuts,3960 W IRVING PARK RD,0,2911849,recovered_name_addr,2911849
2576446,DEAR MADISON,1140 W MADISON,0,,ambiguous,2419015;2419016
2576321,Vida Y Salud,3009 W CERMAK RD,0,,unresolved,
2576194,Vida Y Salud,3009 W CERMAK RD,0,,unresolved,
2575915,Chicagoland CommissaryLLC/Dunkin Donuts,3960 W IRVING PARK RD,0,2911849,recovered_name_addr,2911849
2575865,Vida Y Salud,3009 W CERMAK RD,0,,unresolved,
2575871,CHURCH OF THE THREE CROSSES,333 W WISCONSIN ST,0,,unresolved,
2575669,JOE'S BARBEQ AND FISH #1,4809-11 W MADISON ST,0,,unresolved,
2575490,PAVILION OF SOUTH SHORE,7750 S SOUTH SHORE DR,0,,unresolved,
2575459,Chicagoland CommissaryLLC/Dunkin Donuts,3960 W IRVING PARK RD,0,2911849,recovered_name_addr,2911849
2575362,CHURCH OF THE THREE CROSSES,333 W WISCONSIN ST,0,,unresolved,
2575311,ST. ROBERT BELLARMINE,4646 N AUSTIN AVE,0,,unresolved,
2575302,ST. GEORGE GREEK ORTHODOX CHURCH,2701 N SHEFFIELD AVE,0,,unresolved,
2575243,LUBAVITCH GIRLS HIGH SCHOOL,6350 N WHIPPLE ST,0,,unresolved,
2575146,PAVILION OF SOUTH SHORE,7750 S SOUTH SHORE DR,0,,unresolved,
2575131,EL SABOR DE ABUELITA,1159 N LUIS MUNOZ MARIN DR,0,,unresolved,
2574978,MARGARETS VILLAGE BELIEVE SHELTER,9519 S COMMERCIAL AVE,0,,unresolved,
2574151,PENNINGTON'S FOOD AND SNACKS,410 E 79TH ST,0,,unresolved,
2573959,DORE EARLY CHILDHOOD CENTER,6108 S Natoma AVE,0,,unresolved,
2573939,PENNINGTON'S FOOD AND SNACKS,410 E 79TH ST,0,,unresolved,
2573601,PENNINGTON'S FOOD AND SNACKS,410 E 79TH ST,0,,unresolved,
2572475,MARGARETS VILLAGE BELIEVE SHELTER,9519 S COMMERCIAL AVE,0,,unresolved,
2571213,PILSEN FOOD PANTRY,1850 S THROOP ST,0,,unresolved,
2570883,PILSEN FOOD PANTRY,1850 S THROOP ST,0,,unresolved,
2570590,MARGARETS VILLAGE BELIEVE SHELTER,9519 S COMMERCIAL AVE,0,,unresolved,
2570199,MARGARETS VILLAGE BELIEVE SHELTER,9519 S COMMERCIAL AVE,0,,unresolved,
2570167,JOE'S BARBEQ AND FISH #1,4809-11 W MADISON ST,0,,unresolved,
2569691,SBARRO'S,1717 W POLK ST,0,8069,recovered_name_addr,8069
2567817,OMBUDSMAN ROSELAND,10928 S HALSTED ST,0,,unresolved,
2566988,FAB'S NUTRITION,5817 W DIVERSEY AVE,0,2703902,recovered_name_addr,2703902
2566654,FAB'S NUTRITION,5817 W DIVERSEY AVE,0,2703902,recovered_name_addr,2703902
2565452,SHELDON HEIGHTS FOOD PANTRY,11301 S HALSTED ST,0,,unresolved,
2564226,SYMPHONY OF CALIFORNIA GARDENS,2829 S CALIFORNIA AVE,0,2872523,recovered_name_addr,2872523
2564142,ST NICHOLAS OF TOLENTINE,3741 W 62ND ST,0,,unresolved,
2564063,HARMONY COMMUNITY CHURCH,1908 S MILLARD AVE,0,,unresolved,
2563726,ST NICHOLAS OF TOLENTINE,3741 W 62ND ST,0,,unresolved,
2563685,HARMONY COMMUNITY CHURCH,1908 S MILLARD AVE,0,,unresolved,
2563472,HOLY RESURRECTION SERBIAN ORTHODOX CHURCH,3062 W PALMER BLVD,0,,unresolved,
2562917,Breakthrough Urban Ministries,402 N St. Louis AVE BLDG,0,,unresolved,
2562804,OLIVE BRANCH MISSION,6310 S CLAREMONT AVE,0,,unresolved,
2562842,PARKSHORE ESTATES NURSING AND REHAB,6121-6125 S KENWOOD AVE,0,,unresolved,
2562664,LITTLE BLACK PEARL,1060 E 47TH ST,0,,unresolved,
2562676,OLIVE BRANCH MISSION,6310 S CLAREMONT AVE,0,,unresolved,
2562535,HOLY NATIVITY ROMANIAN ORTHODOX CHURCH,2820 W ARDMORE ST,0,,unresolved,
2562460,OLIVE BRANCH MISSION,6310 S CLAREMONT AVE,0,,unresolved,
2562397,PARKSHORE ESTATES NURSING AND REHAB,6121-6125 S KENWOOD AVE,0,,unresolved,
2561256,EPIPHANY PARISH/CHURCH,2524 S KEELER AVE,0,,unresolved,
2560731,ST. JEROME PARISH,1709 W LUNT,0,,unresolved,
2560061,ST. PAULS CHURCH,2335 N ORCHARD ST,0,,unresolved,
2559853,ST. DEMETRIOS GREEK ORTHODOX CHURCH,2727 W WINONA ST,0,,unresolved,
2559510,ANNUNCIATION GREEK ORTHODOX CHURCH,1017 N LA SALLE DR,0,,unresolved,
2559459,MARK VEND COMPANY,600 W CHICAGO AVE,0,,unresolved,
2561268,ROBINSON'S NO.1 RIBS INC,225 S CANAL ST,0,,unresolved,
2557165,ST. PAULS CHURCH,2335 N ORCHARD ST,0,,unresolved,
2557135,ST. ANDREW'S GREEK ORTHODOX CHURCH,5649 N Sheridan RD,0,,unresolved,
2557055,MARK VEND COMPANY,600 W CHICAGO AVE,0,,unresolved,
2556711,ST. ROBERT BELLARMINE,4646 N AUSTIN AVE,0,,unresolved,
2556430,ST. ROBERT BELLARMINE,4646 N AUSTIN AVE,0,,unresolved,
2556256,MIDWEST BUDDHIST TEMPLE,435 W MENOMONEE,0,,unresolved,
2556162,LUBAVITCH GIRLS HIGH SCHOOL,6350 N WHIPPLE ST,0,,unresolved,
2555542,HEARTLAND HUMAN CARE INTERNATIONL CHILDREN CTR.,1620 W CHASE ST BLDG 1ST-2NDFL&BSMT,0,,unresolved,
2554651,CHURCH OF THE THREE CROSSES,333 W WISCONSIN ST,0,,unresolved,
2554439,FOOD ROCKET,4853 N BROADWAY,0,,unresolved,
2554288,FOOD ROCKET,4853 N BROADWAY,0,,unresolved,
2553962,SUR LA TABLE,900 N MICHIGAN AVE,,,unresolved,
2553972,BRASERITOS,4419 W FULLERTON AVE,0,,unresolved,
2553803,LUTHERAN SCHOOL OF THEOLOGY,1100 E 55TH ST,0,3624677,recovered_name_addr,3624677
2553753,JERK TACO MAN,420 S CLARK ST,0,,unresolved,
2553613,BRASERITOS,4419 W FULLERTON AVE,0,,unresolved,
2553420,JERK TACO MAN,420 S CLARK ST,0,,unresolved,
2553370,LUTHERAN SCHOOL OF THEOLOGY,1100 E 55TH ST,0,3624677,recovered_name_addr,3624677
2553296,KRISPY KREME DOUGHNUTS,108 N STATE ST,0,2689327,recovered_name_addr,2689327
2553345,ST. GEORGE GREEK ORTHODOX CHURCH,2701 N SHEFFIELD AVE,0,,unresolved,
2549961,WESTSIDE CONVENIENCE AND PLUS INC.,3952 W MONROE ST,0,2845466,recovered_name_addr,2845466
2549380,DORE EARLY CHILDHOOD CENTER,6108 S Natoma AVE,0,,unresolved,
2546857,KRISPY KREME DOUGHNUTS,108 N STATE ST,0,2689327,recovered_name_addr,2689327
2545938,JIMMY JOHN'S,520 N MICHIGAN AVE,0,2233126,recovered_name_addr,2233126
2545091,OMBUDSMAN ROSELAND,10928 S HALSTED ST,0,,unresolved,
2544907,UPP-N-SHENELLS,4310 W 16TH ST,0,,unresolved,
2544716,UPP-N-SHENELLS,4310 W 16TH ST,0,,unresolved,
2537965,NORTHEASTERN ILLINOIS UNIVERSITY,5500 N ST LOUIS AVE,0,2818359,recovered_name_addr,2818359
2537594,ST. GENEVIEVE CHURCH,4835 W ALTGELD ST,0,,unresolved,
2534242,LITTLE BLACK PEARL,1060 E 47TH ST,0,,unresolved,
2531476,LITTLE BLACK PEARL,1060 E 47TH ST,0,,unresolved,
2531348,LITTLE BLACK PEARL,1060 E 47TH ST,0,,unresolved,
2531229,ST. DEMETRIOS GREEK ORTHODOX CHURCH,2727 W WINONA ST,0,,unresolved,
2529123,HOLY RESURRECTION SERBIAN ORTHODOX CHURCH,3062 W PALMER BLVD,0,,unresolved,
2528802,HOLY RESURRECTION SERBIAN ORTHODOX CHURCH,3062 W PALMER BLVD,0,,unresolved,
2524013,HOLY NATIVITY ROMANIAN ORTHODOX CHURCH,2820 W ARDMORE ST,0,,unresolved,
2523599,HOLY NATIVITY ROMANIAN ORTHODOX CHURCH,2820 W ARDMORE ST,0,,unresolved,
2523572,MC DONALD'S #6310,4704 S CICERO AVE,0,,unresolved,
2522959,CHILE VERDE,2100 W 22ND PL,0,,unresolved,
2522795,MIDWEST BUDDHIST TEMPLE,435 W MENOMONEE,0,,unresolved,
2522650,ST. GEORGE GREEK ORTHODOX CHURCH,2701 N SHEFFIELD AVE,0,,unresolved,
2522329,TAMALES Y RESTAURANT COSTA GRANDE,10148 S EWING AVE,0,,unresolved,
2522137,LUBAVITCH GIRLS HIGH SCHOOL,6350 N WHIPPLE ST,0,,unresolved,
2522010,OFICINA DE AMIGOS,4039 W LAWRENCE AVE,0,2791581,recovered_name_addr,2791581
2521450,DORE EARLY CHILDHOOD CENTER,6108 S Natoma AVE,0,,unresolved,
2509514,DIEGO'S TACOS,5750 N CALIFORNIA AVE,0,,unresolved,
2497683,PACIFIC GARDEN MISSION,1458 S CANAL ST,0,,unresolved,
2493103,LUBAVITCH GIRLS HIGH SCHOOL,6350 N WHIPPLE ST,0,,unresolved,
2485020,LUBAVITCH GIRLS HIGH SCHOOL,6350 N WHIPPLE ST,0,,unresolved,
2463602,DIEGO'S TACOS,5750 N CALIFORNIA AVE,0,,unresolved,
2463299,DIEGO'S TACOS,5750 N CALIFORNIA AVE,0,,unresolved,
2456885,TAMALES Y RESTAURANT COSTA GRANDE,10148 S EWING AVE,0,,unresolved,
2454105,BABAS STEAK AND LEMONADE,3407 1/2 W MADISON ST,0,,unresolved,
2402207,OMBUDSMAN ROSELAND,10928 S HALSTED ST,0,,unresolved,
2401721,BABAS STEAK AND LEMONADE,3407 1/2 W MADISON ST,0,,unresolved,
2384226,LITTLE BLACK PEARL,1060 E 47TH ST,0,,unresolved,
2386757,SALVATION  ARMY,800 W LAWRENCE AVE,0,,unresolved,
2373399,BABAS STEAK AND LEMONADE,3407 1/2 W MADISON ST,0,,unresolved,
2371204,BABAS STEAK AND LEMONADE,3407 1/2 W MADISON ST,0,,unresolved,
2371077,BABAS STEAK AND LEMONADE,3407 1/2 W MADISON ST,0,,unresolved,
2370403,LUBAVITCH GIRLS HIGH SCHOOL,6350 N WHIPPLE ST,0,,unresolved,
2370394,OFICINA DE AMIGOS,4039 W LAWRENCE AVE,0,2791581,recovered_name_addr,2791581
2370029,OFICINA DE AMIGOS,4039 W LAWRENCE AVE,0,2791581,recovered_name_addr,2791581
2369998,SALVATION  ARMY,800 W LAWRENCE AVE,0,,unresolved,
2369890,SALVATION  ARMY,800 W LAWRENCE AVE,0,,unresolved,
2366669,SARAVALE MEAT MARKET & EUROPEAN DELI,5254 W IRVING PARK RD,0,,ambiguous,1518375;2713320
2365653,LUBAVITCH GIRLS HIGH SCHOOL,6350 N WHIPPLE ST,0,,unresolved,
2363175,CATER TO YOU EVENTS & DROP OFFS,756 E 111th ST,0,2717939,recovered_name_addr,2717939
2362220,TAMALES Y RESTAURANT COSTA GRANDE,10148 S EWING AVE,0,,unresolved,
2359909,SALVATION  ARMY,800 W LAWRENCE AVE,0,,unresolved,
2359713,CHICAGO GETAWAY HOSTEL,616 W ARLINGTON PL,0,,unresolved,
2357200,CHICAGO GETAWAY HOSTEL,616 W ARLINGTON PL,0,,unresolved,
2355945,SALVATION  ARMY,800 W LAWRENCE AVE,0,,unresolved,
2355924,SARAVALE MEAT MARKET & EUROPEAN DELI,5254 W IRVING PARK RD,0,,ambiguous,1518375;2713320
2355720,OMBUDSMAN ROSELAND,10928 S HALSTED ST,0,,unresolved,
2355468,OMBUDSMAN ROSELAND,10928 S HALSTED ST,0,,unresolved,
2355305,OMBUDSMAN ROSELAND,10928 S HALSTED ST,0,,unresolved,
2345531,AMIGO DE LA NUTRICION,1546 N KARLOV AVE,0,,unresolved,
2345265,CHICAGO GETAWAY HOSTEL,616 W ARLINGTON PL,0,,unresolved,
2321074,SUR LA TABLE,900 N MICHIGAN AVE,,,unresolved,
2315561,DORE EARLY CHILDHOOD CENTER,6108 S Natoma AVE,0,,unresolved,
2313166,EL COSTENO,235 W 87TH ST,0,,unresolved,
2312477,BODY FACTORY NUTRITION,1500 W 51ST ST,0,2676979,recovered_name_addr,2676979
2311708,ST. ATHANASIOS & JOHN GREEK ORTHODOX CHURCH,4200 N KEELER AVE,0,,unresolved,
2304196,EPIPHANY PARISH/CHURCH,2524 S KEELER AVE,0,,unresolved,
2303895,ST. MICHAEL THE ARCHANGEL CATHOLIC CHURCH,8235 S SOUTH SHORE DR,0,,unresolved,
2303609,BODY FACTORY NUTRITION,1500 W 51ST ST,0,2676979,recovered_name_addr,2676979
2303599,ST. MICHAEL THE ARCHANGEL CATHOLIC CHURCH,8235 S SOUTH SHORE DR,0,,unresolved,
2303443,SUBWAY SANDWICHES,3951 N KIMBALL AVE,0,2184054,recovered_name_addr,2184054
2301045,ST. JEROME PARISH,1709 W LUNT,0,,unresolved,
2300450,SUBWAY,4771 N LINCOLN AVE,0,,ambiguous,1991236;2192719;2241039;2677482
2293900,SUBWAY,4771 N LINCOLN AVE,0,,ambiguous,1991236;2192719;2241039;2677482
2293832,ANNUNCIATION GREEK ORTHODOX CHURCH,1017 N LA SALLE DR,0,,unresolved,
2293453,ASSUMPTION BVM CHURCH,2434 S CALIFORNIA AVE,0,,unresolved,
2293545,SUBWAY,4771 N LINCOLN AVE,0,,ambiguous,1991236;2192719;2241039;2677482
2290853,ST. ANDREW'S GREEK ORTHODOX CHURCH,5649 N Sheridan RD,0,,unresolved,
2290863,ST. DEMETRIOS GREEK ORTHODOX CHURCH,2727 W WINONA ST,0,,unresolved,
2289202,ST. GENEVIEVE CHURCH,4835 W ALTGELD ST,0,,unresolved,
2288762,MIDWEST BUDDHIST TEMPLE,435 W MENOMONEE,0,,unresolved,
2288661,OLD ST. PATRICK'S CHURCH,700 W ADAMS ST,0,,unresolved,
2288532,ST. PAULS CHURCH,2335 N ORCHARD ST,0,,unresolved,
2283097,ST. GEORGE GREEK ORTHODOX CHURCH,2701 N SHEFFIELD AVE,0,,unresolved,
2283062,Irving Park Community Food Pantry,3801 N Keeler AVE,0,,unresolved,
2283080,CHURCH OF THE THREE CROSSES,333 W WISCONSIN ST,0,,unresolved,
2282910,Irving Park Community Food Pantry,3801 N Keeler AVE,0,,unresolved,
2282242,ALTHEA BY MKC,700 N MICHIGAN AVE,0,,ambiguous,2646659;2659160;2659161
2282248,LITTLE BLACK PEARL,1060 E 47TH ST,0,,unresolved,
2279832,ALTHEA BY MKC,700 N MICHIGAN AVE,0,,ambiguous,2646659;2659160;2659161
2261547,LUBAVITCH GIRLS HIGH SCHOOL,6350 N WHIPPLE ST,0,,unresolved,
2252764,LUBAVITCH GIRLS HIGH SCHOOL,6350 N WHIPPLE ST,0,,unresolved,
2243567,BELMONT PLACE SENIOR HOUSING,4645 W BELMONT AVE,0,,unresolved,
2222995,SUR LA TABLE,900 N MICHIGAN AVE,,,unresolved,
2222374,CRAFTS  SERVICE,1409 S ROCKWELL ST,0,,unresolved,
2222226,BIRRIA OCOTLAN MEZCAL,3011 W CERMAK RD,0,,unresolved,
2130216,ARAMARK,8130 S CALIFORNIA AVE,0,,ambiguous,1981831;2549080;2647297
2200999,Greater Rock Church,718 S INDEPENDENCE BLVD,0,,unresolved,
2200871,Greater Rock Church,718 S INDEPENDENCE BLVD,0,,unresolved,
2200853,ST. PAULS CHURCH,2335 N ORCHARD ST,0,,unresolved,
2185209,ST. ATHANASIOS & JOHN GREEK ORTHODOX CHURCH,4200 N KEELER AVE,0,,unresolved,
2185028,IMMACULATE CONCEPTION CHURCH,8756 S COMMERICAL AVE,0,,unresolved,
2184744,ST. JEROME PARISH,1709 W LUNT,0,,unresolved,
2181734,OLD ST. PATRICK'S CHURCH,700 W ADAMS ST,0,,unresolved,
2181293,ANNUNCIATION GREEK ORTHODOX CHURCH,1017 N LA SALLE DR,0,,unresolved,
2181316,ST. DEMETRIOS GREEK ORTHODOX CHURCH,2727 W WINONA ST,0,,unresolved,
2176813,SALVATION ARMY,506 N DES PLAINES ST,0,,unresolved,
2176741,BELMONT PLACE SENIOR HOUSING,4645 W BELMONT AVE,0,,unresolved,
2176718,SAN LUCAS,2914 W NORTH AVE BLDG,0,,unresolved,
2176532,ASSUMPTION BVM CHURCH,2434 S CALIFORNIA AVE,0,,unresolved,
2176434,ST. ANDREW'S GREEK ORTHODOX CHURCH,5649 N Sheridan RD,0,,unresolved,
2169778,MIDWEST BUDDHIST TEMPLE,435 W MENOMONEE,0,,unresolved,
2166914,LUBAVITCH GIRLS HIGH SCHOOL,6350 N WHIPPLE ST,0,,unresolved,
2166828,ST. GEORGE GREEK ORTHODOX CHURCH,2701 N SHEFFIELD AVE,0,,unresolved,
2166632,CHARTWELLS,115 E 61ST ST,0,2056684,recovered_name_addr,2056684
2159892,CHURCH OF THE THREE CROSSES,333 W WISCONSIN ST,0,,unresolved,
2159749,LITTLE BLACK PEARL,1060 E 47TH ST,0,,unresolved,
2159285,FRIISTYLECHI FENCH FRY,5055 S PRAIRIE AVE,0,,unresolved,
2151194,HAT TRICK CATERING,1409 S ROCKWELL ST,0,,unresolved,
2151197,CRAFTS  SERVICE,1409 S ROCKWELL ST,0,,unresolved,
2116707,MRS. T'S SOUTHERN FRIED CHICKEN,3343 N BROADWAY,0,,unresolved,
2104671,MA DEARS DOWN HOME KITCHEN,2136 S PULASKI RD,0,,unresolved,
2098667,CERES FOOD GROUP INC,8131 S MAY ST,0,,ambiguous,1846437;3676025
2098214,MRS. T'S SOUTHERN FRIED CHICKEN,3343 N BROADWAY,0,,unresolved,
2088377,MRS. T'S SOUTHERN FRIED CHICKEN,3343 N BROADWAY,0,,unresolved,
2081887,ASADO COFFEE ROASTERS,22 E JACKSON BLVD,0,2354850,recovered_name_addr,2354850
2081765,ST. CORNELIUS CHURCH,5205 N LIEB AVE,0,,unresolved,
2081499,ASADO COFFEE ROASTERS,22 E JACKSON BLVD,0,2354850,recovered_name_addr,2354850
2079021,ST. ATHANASIOS & JOHN GREEK ORTHODOX CHURCH,4200 N KEELER AVE,0,,unresolved,
2081508,SAINT JOSEPH HOSPITAL,2900 N LAKE SHORE DR,0,,ambiguous,1144380;1144381
2078655,ST. ATHANASIOS & JOHN GREEK ORTHODOX CHURCH,4200 N KEELER AVE,0,,unresolved,
2078533,Greater Rock Church,718 S INDEPENDENCE BLVD,0,,unresolved,
2078400,ST. PAULS CHURCH,2335 N ORCHARD ST,0,,unresolved,
2071910,ST. DEMETRIOS GREEK ORTHODOX CHURCH,2727 W WINONA ST,0,,unresolved,
2065279,SUR LA TABLE,900 N MICHIGAN AVE,,,unresolved,
2069393,THE WAY OF TRUTH BAPTIST CHURCH,6456 S CALIFORNIA AVE,0,,unresolved,
2065073,THE WAY OF TRUTH BAPTIST CHURCH,6456 S CALIFORNIA AVE,0,,unresolved,
2065063,ASSUMPTION BVM CHURCH,2434 S CALIFORNIA AVE,0,,unresolved,
2064703,ANNUNCIATION GREEK ORTHODOX CHURCH,1017 N LA SALLE DR,0,,unresolved,
2064631,OLD ST. PATRICK'S CHURCH,700 W ADAMS ST,0,,unresolved,
2064639,IMMACULATE CONCEPTION CHURCH,8756 S COMMERICAL AVE,0,,unresolved,
1672246,ASSUMPTION BVM CHURCH,2434 S CALIFORNIA AVE,0,,unresolved,
2060022,CHICAGO BEST NAAN,6352 N OAKLEY AVE,0,2534960,recovered_name_addr,2534960
2059984,LOVE TACO,109 E 51ST ST,0,2506479,recovered_name_addr,2506479
2059731,OLD ST. PATRICK'S CHURCH,700 W ADAMS ST,0,,unresolved,
2059546,LOVE TACO,109 E 51ST ST,0,2506479,recovered_name_addr,2506479
2059363,BBQ SUPPLY,6948 N WESTERN AVE,0,2535621,recovered_name_addr,2535621
2050948,MIDWEST BUDDHIST TEMPLE,435 W MENOMONEE,0,,unresolved,
2050791,ST. EUGENE PARISH,5220 N CANFIELD AVE,0,,unresolved,
2050319,BBQ SUPPLY,6948 N WESTERN AVE,0,2535621,recovered_name_addr,2535621
2050069,LITTLE BLACK PEARL,1060 E 47TH ST,0,,unresolved,
2049900,ST. GEORGE GREEK ORTHODOX CHURCH,2701 N SHEFFIELD AVE,0,,unresolved,
2049466,ST. ANDREW'S GREEK ORTHODOX CHURCH,5649 N Sheridan RD,0,,unresolved,
2049301,CHICAGO BEST NAAN,6352 N OAKLEY AVE,0,2534960,recovered_name_addr,2534960
2028350,CHURCH OF THE THREE CROSSES,333 W WISCONSIN ST,0,,unresolved,
2010062,"JACKSON PARK SLF, LLC",1440-1448 E 75TH ST,0,,ambiguous,2475830;2569220
1995369,LUBAVITCH GIRLS HIGH SCHOOL,6350 N WHIPPLE ST,0,,unresolved,
1979104,FIVE STARZ FOODS,7855 S HALSTED ST,0,,unresolved,
1681219,FIVE STARZ FOODS,7855 S HALSTED ST,0,,unresolved,
1978563,FIVE STARZ FOODS,7855 S HALSTED ST,0,,unresolved,
1975729,BELMONT PLACE SENIOR HOUSING,4645 W BELMONT AVE,0,,unresolved,
1971047,PICNIC,5700 N LAKE SHORE DR,0,,unresolved,
1970252,MARIA EUGINIA HUERTA,4237 W 63RD ST,0,,unresolved,
1966752,MARIA EUGINIA HUERTA,4237 W 63RD ST,0,,unresolved,
1965492,"A PIECE OF CAKE BAKERY, INC.",416 E 87TH ST,0,,unresolved,
1961113,HERBAL LIFE,4807 N DAMEN AVE,0,,unresolved,
1953863,KINGS AND QUEENS,358 S PULASKI RD,0,,unresolved,
1953270,"BIBLEWAY APOSTOLIC FAITH CHURCH, INC.",1807 S KOSTNER AVE,0,,unresolved,
1953293,"BIBLEWAY APOSTOLIC FAITH CHURCH, INC.",1807 S KOSTNER AVE,0,,unresolved,
1951059,ST. ATHANASIOS & JOHN GREEK ORTHODOX CHURCH,4200 N KEELER AVE,0,,unresolved,
1951029,SUR LA TABLE,900 N MICHIGAN AVE,,,unresolved,
1950862,ST. ATHANASIOS & JOHN GREEK ORTHODOX CHURCH,4200 N KEELER AVE,0,,unresolved,
1950683,"BIBLEWAY APOSTOLIC FAITH CHURCH, INC.",1807 S KOSTNER AVE,0,,unresolved,
1950594,Greater Rock Church,718 S INDEPENDENCE BLVD,0,,unresolved,
1950352,ST. JEROME PARISH,1709 W LUNT,0,,unresolved,
1950324,"BIBLEWAY APOSTOLIC FAITH CHURCH, INC.",1807 S KOSTNER AVE,0,,unresolved,
1949146,ST. PAULS CHURCH,2335 N ORCHARD ST,0,,unresolved,
1949139,Greater Rock Church,718 S INDEPENDENCE BLVD,0,,unresolved,
1949092,PROVIDENCE OF GOD CHURCH,717 W 18th ST,0,,unresolved,
1949094,SAINT DOROTHY CATHOLIC CHURCH,450 E 78TH ST,0,,unresolved,
1949113,HARMONY COMMUNITY CHURCH,1908 S MILLARD AVE,0,,unresolved,
1948946,ST. JEROME PARISH,1709 W LUNT,0,,unresolved,
1948809,PROVIDENCE OF GOD CHURCH,717 W 18th ST,0,,unresolved,
1948391,MOBILE ALA CART,11601 W TOUHY AVE,0,,unresolved,
1946626,ST. TERESA OF AVILA,1950 N KENMORE AVE,0,,unresolved,
1946408,Assumption Greek Orthodox Church,601 S Central AVE,0,,unresolved,
1938166,ST STANISLAUS B&M CHURCH,5352 W BELDEN AVE,0,,unresolved,
1938233,SAINT JOSEPH HOSPITAL,2900 N LAKE SHORE DR,0,,ambiguous,1144380;1144381
1752242,ST. ANDREW'S GREEK ORTHODOX CHURCH,5649 N Sheridan RD,0,,unresolved,
1933084,ST. DEMETRIOS GREEK ORTHODOX CHURCH,2727 W WINONA ST,0,,unresolved,
1933077,ANNUNCIATION GREEK ORTHODOX CHURCH,1017 N LA SALLE DR,0,,unresolved,
1932297,MIDWEST BUDDHIST TEMPLE,435 W MENOMONEE,0,,unresolved,
1932135,LITTLE BLACK PEARL,1060 E 47TH ST,0,,unresolved,
1931984,ASSUMPTION BVM CHURCH,2434 S CALIFORNIA AVE,0,,unresolved,
1931677,ASSUMPTION BVM CHURCH,2434 S CALIFORNIA AVE,0,,unresolved,
1770807,ST. GEORGE GREEK ORTHODOX CHURCH,2701 N SHEFFIELD AVE,0,,unresolved,
1770568,AGUDATH ISREAL OF ILLINOIS,2828 W PRATT BLVD,0,,unresolved,
1763949,IDA CROWN JEWISH ACADEMY,2828 W PRATT BLVD,0,,unresolved,
1763967,AGUDATH ISREAL OF ILLINOIS,2828 W PRATT BLVD,0,,unresolved,
1763651,LUBAVITCH GIRLS HIGH SCHOOL,6350 N WHIPPLE ST,0,,unresolved,
1763318,CRAFTS  SERVICE,1409 S ROCKWELL ST,0,,unresolved,
1752076,CHURCH OF THE THREE CROSSES,333 W WISCONSIN ST,0,,unresolved,
1752013,IMMACULATE CONCEPTION CHURCH,8756 S COMMERICAL AVE,0,,unresolved,
1752010,CRAFTS  SERVICE,1409 S ROCKWELL ST,0,,unresolved,
1751981,HAT TRICK CATERING,1409 S ROCKWELL ST,0,,unresolved,
1751599,HAT TRICK CATERING,1409 S ROCKWELL ST,0,,unresolved,
1750217,BAR RISTA CAFE,1834 W MONTROSE AVE,0,1992039,recovered_name_addr,1992039
1633202,NUTRICION FAMILIAR,3000 W 59TH ST,0,2452447,recovered_name_addr,2452447
1632323,TAQUERIA LA CAPITAL,3508 W 63RD ST,0,,unresolved,
1632335,KINGS AND QUEENS,358 S PULASKI RD,0,,unresolved,
1631963,PAPA ROMEO'S PIZZA,4359 N PULASKI RD,0,2432923,recovered_name_addr,2432923
1631931,KINGS AND QUEENS,358 S PULASKI RD,0,,unresolved,
1631643,KOREAN AIR LOUNGE,11601 W TOUHY AVE,0,,unresolved,
1583740,BAR RISTA CAFE,1834 W MONTROSE AVE,0,1992039,recovered_name_addr,1992039
1583604,PAPA ROMEO'S PIZZA,4359 N PULASKI RD,0,2432923,recovered_name_addr,2432923
1583537,SUR LA TABLE,900 N MICHIGAN AVE,,,unresolved,
1516591,NUTRICION FAMILIAR,3000 W 59TH ST,0,2452447,recovered_name_addr,2452447
1516576,NUTRICION FAMILIAR,3000 W 59TH ST,0,2452447,recovered_name_addr,2452447
1575618,ST. PAULS CHURCH,2335 N ORCHARD ST,0,,unresolved,
1566681,PANINI PIAZZA,7850 W ADDISON ST,0,2442466,recovered_name_addr,2442466
1566657,BRITISH AIRWAYS,11601 W TOUHY AVE,0,,ambiguous,2517808;2517809;2522168;2522169
1566390,PANINI PIAZZA,7850 W ADDISON ST,0,2442466,recovered_name_addr,2442466
1561809,ST. DEMETRIOS GREEK ORTHODOX CHURCH,2727 W WINONA ST,0,,unresolved,
1561758,Greater Rock Church,718 S INDEPENDENCE BLVD,0,,unresolved,
1561693,Greater Rock Church,718 S INDEPENDENCE BLVD,0,,unresolved,
1454082,ST. VOLODYMYR UKRAINIAN ORTHODOX CATHEDRAL,2250 W CORTEZ ST,0,,unresolved,
1561382,ST. TERESA OF AVILA,1950 N KENMORE AVE,0,,unresolved,
1482864,ST. JEROME PARISH,1709 W LUNT,0,,unresolved,
1561236,MARTINI RANCH,311 W CHICAGO AVE,0,23139,recovered_name_addr,23139
1560022,BRITISH AIRWAYS,11601 W TOUHY AVE,0,,ambiguous,2517808;2517809;2522168;2522169
1559991,BRITISH AIRWAYS,11601 W TOUHY AVE,0,,ambiguous,2517808;2517809;2522168;2522169
1559861,ST. ANDREW'S GREEK ORTHODOX CHURCH,5649 N Sheridan RD,0,,unresolved,
1464990,ST STANISLAUS B&M CHURCH,5352 W BELDEN AVE,0,,unresolved,
1464980,ST STANISLAUS B&M CHURCH,5352 W BELDEN AVE,0,,unresolved,
1559498,ANNUNCIATION GREEK ORTHODOX CHURCH,1017 N LA SALLE DR,0,,unresolved,
1559474,BRITISH AIRWAYS,11601 W TOUHY AVE,0,,ambiguous,2517808;2517809;2522168;2522169
1559444,WONUT,835 N MICHIGAN,0,,unresolved,
1559422,Assumption Greek Orthodox Church,601 S Central AVE,0,,unresolved,
1547017,WONUT,835 N MICHIGAN,0,,unresolved,
1546912,BRITISH AIRWAYS,11601 W TOUHY AVE,0,,ambiguous,2517808;2517809;2522168;2522169
1546405,HOUSE OF BLUES-TENT,1300 S LYNN WHITE BLDG,0,,unresolved,
1528265,COMMUNITY CARE OPERATOR,4314 S WABASH,0,1843716,recovered_name_addr,1843716
1506510,IDA CROWN JEWISH ACADEMY,2828 W PRATT BLVD,0,,unresolved,
1528262,LITTLE BLACK PEARL,1060 E 47TH ST,0,,unresolved,
1546262,ASSUMPTION BVM CHURCH,2434 S CALIFORNIA AVE,0,,unresolved,
1538087,MIDWEST BUDDHIST TEMPLE,435 W MENOMONEE,0,,unresolved,
1538035,GEORGIA'S FOOD DEPOT,7352 S HALSTED ST,0,2419039,recovered_name_addr,2419039
1537787,ST. GEORGE GREEK ORTHODOX CHURCH,2701 N SHEFFIELD AVE,0,,unresolved,
1506480,LUBAVITCH GIRLS HIGH SCHOOL,6350 N WHIPPLE ST,0,,unresolved,
1533059,CHURCH OF THE THREE CROSSES,333 W WISCONSIN ST,0,,unresolved,
1387832,WATERFRONT TERRACE INC,7750 S SOUTH SHORE DR,0,12600,recovered_name_addr,12600
1532748,WATERFRONT TERRACE INC,7750 S SOUTH SHORE DR,0,12600,recovered_name_addr,12600
1528227,AVENUE CARE CENTER INC,4505 S DREXEL BLVD BLDG,0,15653,recovered_name_addr,15653
1516228,TAQUERIA LA CAPITAL,3508 W 63RD ST,0,,unresolved,
1528086,SAINT JOSEPH HOSPITAL,2900 N LAKE SHORE DR,0,,ambiguous,1144380;1144381
1528096,TAQUERIA LA CAPITAL,3508 W 63RD ST,0,,unresolved,
1528221,COMMUNITY CARE OPERATOR,4314 S WABASH,0,1843716,recovered_name_addr,1843716
1453794,LA FLOR DE MAYO ICE CREAM,1819 W CERMAK RD,0,,unresolved,
1528212,INTERNATIONAL CHILDREN'S CRISIS CENTER,3500 S GILES AVE,0,1875500,recovered_name_addr,1875500
1528207,SOUTHVIEW MANOR,3311 S MICHIGAN AVE,0,2363297,recovered_name_addr,2363297
1522416,HAPPY FISH AND CHICKEN,5448 W HARRISON ST,0,2156721,recovered_name_addr,2156721
1513168,ESSENTIAL HEALTHY LIVING INC.,4107 W 47TH ST,0,,unresolved,
1512861,LA MICHOACANA,4346 S California AVE,0,,unresolved,
1512845,HERBAL LIFE,1854 W 18TH ST,0,,unresolved,
1512689,HAMPTON INN & SUITES/GIFT SHOP,33 W ILLINOIS ST,0,,unresolved,
1501629,BORINQUEN RESTAURANT #2,5247-5249 W BELMONT AVE,0,2374757,recovered_name_addr,2374757
1501403,PALETERIA LA TRADICION DE MICHOACAN,3211 N CICERO AVE,0,2328292,recovered_name_addr,2328292
1501398,LAS QUECAS,2500 S CHRISTIANA AVE,0,2133988,recovered_name_addr,2133988
1501210,HERBAL LIFE,1854 W 18TH ST,0,,unresolved,
1480316,RIB LADY 2,4203 W CERMAK RD,0,,unresolved,
1307620,ANTIOCH MISSIONARY BAPTIST CHURCH,415 W ENGLEWOOD AVE,0,,unresolved,
1464444,IDA CROWN JEWISH ACADEMY,2828 W PRATT BLVD,0,,unresolved,
1493605,ST. PAULS CHURCH,2335 N ORCHARD ST,0,,unresolved,
1493556,MIDWEST BUDDHIST TEMPLE,435 W MENOMONEE,0,,unresolved,
1325117,Greater Rock Church,718 S INDEPENDENCE BLVD,0,,unresolved,
1464379,ST. JEROME PARISH,1709 W LUNT,0,,unresolved,
1480206,RIB LADY 2,4203 W CERMAK RD,0,,unresolved,
1490769,PALETERIA LA TRADICION DE MICHOACAN,3211 N CICERO AVE,0,2328292,recovered_name_addr,2328292
1464365,ST. JEROME PARISH,1709 W LUNT,0,,unresolved,
1490391,ST. TERESA OF AVILA,1950 N KENMORE AVE,0,,unresolved,
1467372,"QuiteFrankly,Ltd.",1400 S JEFFERSON ST,0,,unresolved,
1385442,ST STANISLAUS B&M CHURCH,5352 W BELDEN AVE,0,,unresolved,
1445232,ANNUNCIATION GREEK ORTHODOX CHURCH,1017 N LA SALLE DR,0,,unresolved,
1385410,EMELIA OCAMPO,4422 W ARMITAGE AVE,0,,unresolved,
1385404,Assumption Greek Orthodox Church,601 S Central AVE,0,,unresolved,
1385399,EMELIA OCAMPO,4422 W ARMITAGE AVE,0,,unresolved,
1473701,ST. TERESA OF AVILA,1950 N KENMORE AVE,0,,unresolved,
1473587,RIB LADY 2,4203 W CERMAK RD,0,,unresolved,
1473506,St. Vincent De Paul Church,1010 W WEBSTER AVE,0,,unresolved,
1199375,SUR LA TABLE,900 N MICHIGAN AVE,,,unresolved,
1473422,MIDWEST BUDDHIST TEMPLE,435 W MENOMONEE,0,,unresolved,
1453370,OLD ST. PATRICK'S CHURCH,700 W ADAMS ST,0,,unresolved,
1473212,LAKE VIEW LUTHERAN CHURCH,835 W ADDISON AVE,0,,unresolved,
1385357,RIB LADY 2,4203 W CERMAK RD,0,,unresolved,
1464297,ST. ANDREW'S GREEK ORTHODOX CHURCH,5649 N Sheridan RD,0,,unresolved,
1435226,ST. GEORGE GREEK ORTHODOX CHURCH,2701 N SHEFFIELD AVE,0,,unresolved,
1435224,ST. GEORGE GREEK ORTHODOX CHURCH,2701 N SHEFFIELD AVE,0,,unresolved,
1459918,ST. DEMETRIOS GREEK ORTHODOX CHURCH,2727 W WINONA ST,0,,unresolved,
1305579,ASSUMPTION BVM CHURCH,2434 S CALIFORNIA AVE,0,,unresolved,
1152076,ARGENTINA FOODS,4500 S WOOD ST,,57047,recovered_name_addr,57047
1434648,CHURCH OF THE THREE CROSSES,333 W WISCONSIN ST,0,,unresolved,
1434541,LA FLOR DE MAYO ICE CREAM,1819 W CERMAK RD,0,,unresolved,
1434534,ALL SAINTS EPISCOPAL CHURCH,4550 N HERMITAGE AVE,0,,unresolved,
1395726,LAS QUECAS,2500 S CHRISTIANA AVE,0,2133988,recovered_name_addr,2133988
1395629,LAS QUECAS,2500 S CHRISTIANA AVE,0,2133988,recovered_name_addr,2133988
1345799,LUBAVITCH GIRLS HIGH SCHOOL,6350 N WHIPPLE ST,0,,unresolved,
1370166,LA MICHOACANA,4346 S California AVE,0,,unresolved,
1370015,LA MICHOACANA,4346 S California AVE,0,,unresolved,
1369440,DREAM DINNERS,2124 W BELMONT AVE,0,,ambiguous,1845013;2284915
1199085,ST. PAULS CHURCH,2335 N ORCHARD ST,0,,unresolved,
1360997,"VINCES PIZZERIA & TAQUERIA, INC",1527 W DEVON AVE,0,2284718,recovered_name_addr,2284718
1151635,CATHOLIC CHARITIES OF THE ARCHDIOCESE OF CHICAGO,6212 S SANGAMON,0,,unresolved,
1188704,DREAM DINNERS,2124 W BELMONT AVE,0,,ambiguous,1845013;2284915
1360771,GUSI'S PIZZA,10606 S TORRENCE AVE,0,,ambiguous,1986474;2823382;2929244
1151592,TAQUERIA CHILE BRAVO,2100 W 22 ND PL,0,,unresolved,
1139078,SUR LA TABLE,900 N MICHIGAN AVE,,,unresolved,
1360212,ST. EUGENE PARISH,5220 N CANFIELD AVE,0,,unresolved,
1343378,Greater Rock Church,718 S INDEPENDENCE BLVD,0,,unresolved,
1353955,"VINCES PIZZERIA & TAQUERIA, INC",1527 W DEVON AVE,0,2284718,recovered_name_addr,2284718
1099104,ST. DEMETRIOS GREEK ORTHODOX CHURCH,2727 W WINONA ST,0,,unresolved,
1322586,SUR LA TABLE,900 N MICHIGAN AVE,,,unresolved,
1353773,"VINCES PIZZERIA & TAQUERIA, INC",1527 W DEVON AVE,0,2284718,recovered_name_addr,2284718
1353691,WE SERVE FOOD MART INC.,10857 S HALSTED ST,0,2271745,recovered_name_addr,2271745
1353662,WE SERVE FOOD MART INC.,10857 S HALSTED ST,0,2271745,recovered_name_addr,2271745
1146459,ITALIAN PIZZA KITCHEN,823 W EASTMAN ST,0,,ambiguous,1937122;2269719
1296454,ST KEVIN'S CHURCH,10509 S TORRENCE AVE,0,,unresolved,
1353402,ASSUMPTION BVM CHURCH,2434 S CALIFORNIA AVE,0,,unresolved,
1353232,ITALIAN PIZZA KITCHEN,823 W EASTMAN ST,0,,ambiguous,1937122;2269719
1235825,ST. ANDREW'S GREEK ORTHODOX CHURCH,5649 N Sheridan RD,0,,unresolved,
1198907,St. Vincent De Paul Church,1010 W WEBSTER AVE,0,,unresolved,
1343315,16TH STREET NEWSSTAND,3934 W 16TH ST,0,,unresolved,
1335927,ST STANISLAUS B&M CHURCH,5352 W BELDEN AVE,0,,unresolved,
1335930,ST STANISLAUS B&M CHURCH,5352 W BELDEN AVE,0,,unresolved,
1198895,MIDWEST BUDDHIST TEMPLE,435 W MENOMONEE,0,,unresolved,
1198890,ST. TERESA OF AVILA,1950 N KENMORE AVE,0,,unresolved,
1092423,LAKE VIEW LUTHERAN CHURCH,835 W ADDISON AVE,0,,unresolved,
1324467,OLD ST. PATRICK'S CHURCH,700 W ADAMS ST,0,,unresolved,
1198859,ST. GEORGE GREEK ORTHODOX CHURCH,2701 N SHEFFIELD AVE,0,,unresolved,
1198844,CHURCH OF THE THREE CROSSES,333 W WISCONSIN ST,0,,unresolved,
1138912,ANNUNCIATION GREEK ORTHODOX CHURCH,1017 N LA SALLE DR,0,,unresolved,
1235722,SALVATION  ARMY,800 W LAWRENCE AVE,0,,unresolved,
1235707,ALL SAINTS EPISCOPAL CHURCH,4550 N HERMITAGE AVE,0,,unresolved,
1322367,FOODA,600 W CHICAGO AVE,0,2664783,recovered_name_addr,2664783
1138820,LA SALLE POWER CO.,500 N LA SALLE DR,0,,unresolved,
1188496,UNLICENSED,7559 N RIDGE BLVD,0,,ambiguous,1926718;1927524;2203994
1138786,FOODA,321 N CLARK ST,0,,unresolved,
1202626,MY GIRLFRIENDS KITCHEN,4335 W Madison ST,0,2231793,recovered_name_addr,2231793
1321538,Birrieria Aquascalientes,5025 W Belmont AVE,0,,unresolved,
1188451,UNLICENSED,7559 N RIDGE BLVD,0,,ambiguous,1926718;1927524;2203994
1319296,SHARKS,660 E 79TH ST,0,,unresolved,
1300953,UNLICENSED,7559 N RIDGE BLVD,0,,ambiguous,1926718;1927524;2203994
1313323,PACIFIC GARDEN MISSION,1458 S CANAL ST,0,,unresolved,
1096621,ILLEGAL OPERATION,3030 S WENTWORTH AVE,0,,unresolved,
1114528,ILLEGAL OPERATION,3030 S WENTWORTH AVE,0,,unresolved,
1235462,CHICAGO PARK DISTRICT,5917 N BROADWAY,0,,unresolved,
1202458,ESSENTIAL HEALTHY LIVING INC.,4107 W 47TH ST,0,,unresolved,
1305208,BELLY UP RESTAURANT,1999 E HAYES DR,0,,unresolved,
1227591,MONTOYA'S ICE CREAM,2911 W 59TH ST,0,,unresolved,
1174396,HOPE HOUSE,3551 W ROOSEVELT RD,0,,unresolved,
1084357,UNION LEAGUE BOYS & GIRLS CLUBS,2157 W 19TH ST,0,,unresolved,
1158436,UNKNOWN,300 E 47TH,0,,unresolved,
1234654,ST. EUGENE PARISH,5220 N CANFIELD AVE,0,,unresolved,
1174335,Greater Rock Church,718 S INDEPENDENCE BLVD,0,,unresolved,
1234559,GRILL MASTER'S,512 E 71ST ST,0,,unresolved,
1234451,LA MICHOACANA IN PILSEN,1348 W 18TH ST,0,2177598,recovered_name_addr,2177598
1234544,GRILL MASTER'S,512 E 71ST ST,0,,unresolved,
1188285,ST. DEMETRIOS GREEK ORTHODOX CHURCH,2727 W WINONA ST,0,,unresolved,
1234307,Irving Park Community Food Pantry,3801 N Keeler AVE,0,,unresolved,
1138402,CHURRO FACTORY,600 E GRAND AVE,0,,ambiguous,2049340;2423155
1088227,KENNY,8601 S STONY ISLAND AVE,0,,unresolved,
1235274,ST. ANDREW'S GREEK ORTHODOX CHURCH,5649 N Sheridan RD,0,,unresolved,
1230003,BABYCAKES GOURMET LLC.,324 N LEAVITT ST,0,,unresolved,
1229985,ST. ANDREW'S GREEK ORTHODOX CHURCH,5649 N Sheridan RD,0,,unresolved,
1138369,AMERICA'S DOG,600 E GRAND AVE,0,,ambiguous,2261910;2262007;2470209
1138370,AMERICA'S DOG,600 E GRAND AVE,0,,ambiguous,2261910;2262007;2470209
1088210,KENNY,8601 S STONY ISLAND AVE,0,,unresolved,
1202334,ST.PANCRATIUS,2957 W 40TH PL,0,,unresolved,
1202335,PRIMO #2,2600 W 35TH ST,0,,unresolved,
1134349,ANNUNCIATION GREEK ORTHODOX CHURCH,1017 N LA SALLE DR,0,,unresolved,
1277227,Herbalife,6214 W DIVERSEY AVE,0,,unresolved,
1229649,COMPLETELY NUTS,600 E GRAND AVE,0,,ambiguous,2333366;2333367;2464968
1229652,COMPLETELY NUTS,600 E GRAND AVE,0,,ambiguous,2333366;2333367;2464968
1277222,ST STANISLAUS B&M CHURCH,5352 W BELDEN AVE,0,,unresolved,
1150466,THE SALVATION ARMY/KROC CENTER,1250 W 119th st ST,0,,unresolved,
1229587,NORMA'S MINI STORE,2059 W 21ST ST,0,,unresolved,
1229561,ASSUMPTION BVM CHURCH,2434 S CALIFORNIA AVE,0,,unresolved,
1198311,LAKE VIEW LUTHERAN CHURCH,835 W ADDISON AVE,0,,unresolved,
1229456,GUSI'S PIZZA,10606 S TORRENCE AVE,0,,ambiguous,1986474;2823382;2929244
1229479,ALVARO JIMENEZ,4553 S ASHLAND AVE,0,,unresolved,
1229323,Herbalife,6214 W DIVERSEY AVE,0,,unresolved,
1229319,PURE VIBES,834 N ASHLAND AVE,0,,unresolved,
1215054,Herbalife,6214 W DIVERSEY AVE,0,,unresolved,
1184330,OLD ST. PATRICK'S CHURCH,700 W ADAMS ST,,,unresolved,
1214859,MIDWEST BUDDHIST TEMPLE,435 W MENOMONEE,0,,unresolved,
1214833,St. Vincent De Paul Church,1010 W WEBSTER AVE,0,,unresolved,
1170219,HOPE HOUSE,3551 W ROOSEVELT RD,0,,unresolved,
1170214,HOPE HOUSE,3551 W ROOSEVELT RD,0,,unresolved,
1214646,ST. GEORGE GREEK ORTHODOX CHURCH,2701 N SHEFFIELD AVE,0,,unresolved,
1214641,THE SALVATION ARMY/KROC CENTER,1250 W 119th st ST,0,,unresolved,
1214649,HOPE HOUSE,3551 W ROOSEVELT RD,0,,unresolved,
1286054,SOUL GOURMET,740 W 63ST,0,,unresolved,
1214574,HOPE HOUSE,3551 W ROOSEVELT RD,0,,unresolved,
1214521,WENDY'S,8300 S ASHLAND AVE,0,,ambiguous,53140;53147
1196277,SARAH'S CIRCLE,4750 N SHERIDAN RD,0,,unresolved,
1138249,CHICAGO LIGHTS,126 E CHESTNUT ST,0,,unresolved,
1225208,ST. LEONARD'S MINISTRIES,2100-10 W WARREN BLVD,0,,unresolved,
1214370,CHURCH OF THE THREE CROSSES,333 W WISCONSIN ST,0,,unresolved,
1214351,SALVATION ARMY ARC CLYBOURN,2258 N CLYBOURN AVE,0,,unresolved,
1158244,SUBWAY,6031 S ELLIS AVE,0,,unresolved,
679851,SALVATION ARMY ARC CLYBOURN,2258 N CLYBOURN AVE,0,,unresolved,
920231,WENDY'S,8300 S ASHLAND AVE,0,,ambiguous,53140;53147
679355,CHICKIE'S RESTAURANT CO. INC.,2839 S PULASKI RD,0,2148062,recovered_name_addr,2148062
1182220,CHRISTIAN FELLOWSHIP FLOCK/REBANO CHURCH,2435 W DIVISION ST,0,,unresolved,
920216,WENDY'S,8300 S ASHLAND AVE,0,,ambiguous,53140;53147
1134208,BY THE HAND CLUB,1000 N SEDGWICK AVE,0,,unresolved,
1214242,GOD'S BATTLE AXE PRAYER ACADEMY,6969 N WESTERN AVE,,,unresolved,
679787,GOD'S BATTLE AXE PRAYER ACADEMY,6969 N WESTERN AVE,,,unresolved,
670698,STRATEGIC HUMAN SERVICES,1211 S WESTERN AVE 203,0,,unresolved,
670575,RESPECT FOR LIFE,725 W 79TH ST,0,,unresolved,
670328,GOD'S BATTLE AXE PRAYER ACADEMY,6969 N WESTERN AVE,,,unresolved,
531782,CHICAGO ORIENTAL WHOLESALE MARKET,17 E 23RD ST,0,,unresolved,
537834,WENDY'S,11110 S CICERO AVE,0,,unresolved,
531779,GREATER ENGLEWOOD PARISH,6401 S SANGAMON ST,0,,unresolved,
545723,CHATHAM MEATS,8629 S COTTAGE GROVE,0,,unresolved,
521961,FAMILY DISCOUNT,3959 W LAWRENCE AVE,0,1998198,recovered_name_addr,1998198
537795,UNKNOWN,8090 S COMMERCIAL AVE,0,,unresolved,
531742,CATHOLIC CHARITIES OF THE ARCHDIOCESE OF CHICAGO,6212 S SANGAMON,0,,unresolved,
598507,NORMA'S MINI STORE,2059 W 21ST ST,0,,unresolved,
673217,MERCY HOME FOR GIRLS,11600 S LONGWOOD DR,0,,unresolved,
537749,Chicago Seventh Day Adventist,7008 S MICHIGAN AVE,0,9076,recovered_name_addr,9076
537746,SOUTH SHORE TOURISUM CENTER,1813 E 71ST ST,0,,unresolved,
598466,St. Francis Of Assisi Church,813 W Roosevelt RD,0,,unresolved,
657347,RTW VETERAN CENTER,5536 S DR. MARTIN LUTHER KING JR DR,0,,unresolved,
598483,MANNY'S PLACE,2018 S BLUE ISLAND AVE,0,,unresolved,
657338,RTW VETERAN CENTER,5536 S DR. MARTIN LUTHER KING JR DR,0,,unresolved,
537688,EXCELLENT WAY HOUSE,2510 E 79TH ST,0,,unresolved,
545656,WHITE HEN PANTRY,11100 S HALSTED ST,0,,unresolved,
606424,POPEYE'S CHICKEN,7601-7635 S RACINE AVE,0,2109986,recovered_name_addr,2109986
519260,LAKE VIEW YMCA,3333 N MARSHFIELD AVE,0,,unresolved,
521768,CAMBODIAN ASSOCIATION OF ILLINOIS,2831 W LAWRENCE AVE,0,,unresolved,
545536,HAROLDS CHICKEN,123 E 87TH ST,0,,unresolved,
519254,LAKE VIEW YMCA,3333 N MARSHFIELD AVE,0,,unresolved,
634522,MARYVILLE-MADDEN CENTER,1658 W GRAND AVE,0,,unresolved,
517510,SALVATION  ARMY,800 W LAWRENCE AVE,0,,unresolved,
657255,HOOKS FISH AND CHICKEN,810 E 59TH ST,0,,unresolved,
537572,unknown,10222 S wentworth AVE,0,,unresolved,
517498,SALVATION  ARMY,800 W LAWRENCE AVE,0,,unresolved,
626263,Breakthrough Urban Ministries,3330 W Carroll AVE BLDG,0,,unresolved,
598328,UNION LEAGUE BOYS & GIRLS CLUBS,2157 W 19TH ST,0,,unresolved,
521675,NORTH PARK FRIENDSHIP CENTER FOOD PANTRY,3448 W FOSTER AVE,0,,unresolved,
547616,Assumption Greek Orthodox Church,601 S Central AVE,0,,unresolved,
521659,ST. DEMETRIOS GREEK ORTHODOX CHURCH,2727 W WINONA ST,0,,unresolved,
531487,SOUL GOURMET,740 W 63ST,0,,unresolved,
586165,Greater Rock Church,718 S INDEPENDENCE BLVD,0,,unresolved,
537517,DUNKIN DONUTS,8700 S EXCHANGE AVE,0,,unresolved,
545448,MCDONALDS,7601 S MICHIGAN AVE,0,,unresolved,
585749,MATERNITY BVM CHURCH HALL,3647 W NORTH AVE BLDG,0,,unresolved,
585537,ST STANISLAUS B&M CHURCH,5352 W BELDEN AVE,0,,unresolved,
612298,ANNUNCIATION GREEK ORTHODOX CHURCH,1017 N LA SALLE DR,0,,unresolved,
585405,ST.PANCRATIUS,2957 W 40TH PL,0,,unresolved,
585372,ST. ANDREW'S GREEK ORTHODOX CHURCH,5649 N Sheridan RD,0,,unresolved,
569411,TAYLOR STREET TROLLEY,600 E GRAND AVE,0,,unresolved,
569410,COUNTRY CORN,600 E GRAND AVE,0,1697181,recovered_name_addr,1697181
569409,COUNTRY CORN,600 E GRAND AVE,0,1697181,recovered_name_addr,1697181
537439,40th ACRE CAFE,2263 E 95 TH ST,0,,unresolved,
583277,KENWOOD UNITED CHURCH,4608 S GREENWOOD,0,,unresolved,
569402,TAYLOR STREET TROLLEY CO.,600 E GRAND AVE,0,,unresolved,
569398,CHURRO FACTORY,600 E GRAND AVE,0,,ambiguous,2049340;2423155
569400,CHURRO FACTORY,600 E GRAND AVE,0,,ambiguous,2049340;2423155
585258,ST. ANDREW'S GREEK ORTHODOX CHURCH,5649 N Sheridan RD,0,,unresolved,
565383,OLD ST. PATRICK'S CHURCH,700 W ADAMS ST,0,,unresolved,
569392,FLAV-O-RICIOUS,600 E GRAND AVE,0,1698226,recovered_name_addr,1698226
517385,MIDWEST BUDDHIST TEMPLE,435 W MENOMONEE,0,,unresolved,
569388,Ryba's Fudge Shops Inc,600 E GRAND AVE,0,,unresolved,
569386,COMPLETELY NUTS,600 E GRAND AVE,0,,ambiguous,2333366;2333367;2464968
569387,FLAV-O-RICIOUS,600 E GRAND AVE,0,1698226,recovered_name_addr,1698226
569385,COMPLETELY NUTS,600 E GRAND AVE,0,,ambiguous,2333366;2333367;2464968
569378,AMERICA'S DOG,600 E GRAND AVE,0,,ambiguous,2261910;2262007;2470209
569377,AMERICA'S DOG,600 E GRAND AVE,0,,ambiguous,2261910;2262007;2470209
569380,Ben and Jerry's (Navy Pier),600 E GRAND AVE,0,,unresolved,
565370,SAINT BASIL GREEK ORTHODOX CHURCH,733 S ASHLAND AVE,0,,unresolved,
531395,TALK UNIQUE INC.,1002 W 63RD ST,0,,unresolved,
545375,MATTSONS STEAK HOUSE,4732 S WOODLAWN AVE,0,,unresolved,
531377,GRACE TEMPLE,938 W 69TH ST,0,,unresolved,
517338,St. Vincent De Paul Church,1010 W WEBSTER AVE,0,,unresolved,
531358,GRACE TEMPLE,938 W 69TH ST,0,,unresolved,
537341,A AND T FOODS,8600 S HOUSTON AVE,0,,unresolved,
543360,MERCY HOME FOR GIRLS,11600 S LONGWOOD DR,0,,unresolved,
517326,ST. GEORGE GREEK ORTHODOX CHURCH,2701 N SHEFFIELD AVE,0,,unresolved,
580774,ASSUMPTION BVM CHURCH,2434 S CALIFORNIA AVE,0,,unresolved,
580387,CHICAGO DEPT OF PUBLIC HEALTH,2133 W LEXINGTON ST,0,,unresolved,
545283,NEW BETHLEHEM M B CHURCH,8850 S COTTAGE GROVE AVE,0,,unresolved,
517289,CHURCH OF THE THREE CROSSES,333 W WISCONSIN ST,0,,unresolved,
545273,NEW BETHLEHEM M B CHURCH,8850 S COTTAGE GROVE AVE,0,,unresolved,
579930,Anmol Pan Shop,2504 W DEVON AVE,0,,unresolved,
531270,ANTIOCH MISSIONARY BAPTIST CHURCH,415 W ENGLEWOOD AVE,0,,unresolved,
166312,FOOD TRUCK,1500 S WASHTENAW,0,,unresolved,
347300,TAMMY'S,1118 S WESTERN AVE,0,,unresolved,
531262,ANTIOCH MISSIONARY BAPTIST CHURCH,415 W ENGLEWOOD AVE,0,,unresolved,
579789,Anmol Pan Shop,2504 W DEVON AVE,0,,unresolved,
353283,LUBAVITCH GIRLS HIGH SCHOOL,6350 N WHIPPLE ST,0,,unresolved,
353274,LUBAVITCH GIRLS HIGH SCHOOL,6350 N WHIPPLE ST,0,,unresolved,
565242,PACIFIC GARDEN MISSION,1458 S CANAL ST,0,,unresolved,
531223,ANTIOCH MISSIONARY BAPTIST CHURCH,415 W ENGLEWOOD AVE,0,,unresolved,
491742,SALVATION ARMY,506 N DES PLAINES ST,0,,unresolved,
381257,SALVATION ARMY,509 N UNION AVE,0,,unresolved,
381256,SALVATION ARMY,506 N DES PLAINES ST,0,,unresolved,
491684,HEARTLAND HUMAN CARE INTERNATIONL CHILDREN CTR.,1620 W CHASE ST BLDG 1ST-2NDFL&BSMT,0,,unresolved,
317439,TATE'S SOCIAL CLUB,4827 W CHICAGO AVE,0,,unresolved,
491345,CLUB DE LA FELICIDAD,7125 N CLARK ST,0,2083447,recovered_name_addr,2083447
417330,LITTLE INSPIRATIONS,5480 S KENWOOD ST BLDG,0,,unresolved,
491208,CLUB DE LA FELICIDAD,7125 N CLARK ST,0,2083447,recovered_name_addr,2083447
491192,BY THE HAND CLUB,1000 N SEDGWICK AVE,0,,unresolved,
417318,AVALON COMMUNITY CHURCH/FREEDOM HOME ACADEMY,8100 S DANTE AVE,,,unresolved,
491098,EDGEWATER FOOD PANTRY,6044 N BROADWAY,0,,unresolved,
491062,HEARTLAND HUMAN CARE INTERNATIONL CHILDREN CTR.,1620 W CHASE ST BLDG 1ST-2NDFL&BSMT,0,,unresolved,
317409,CHUBBY'S BEEF,5235 W LAKE ST,0,2084437,recovered_name_addr,2084437
490859,GRILL IN THE PARK,248 W DIVERSEY,0,,unresolved,
401406,TALK UNIQUE INC.,1002 W 63RD ST,0,,unresolved,
489424,MERCY HOME FOR GIRLS,11600 S LONGWOOD DR,0,,unresolved,
487855,DUNKIN DONUTS,2640 W DIVERSEY AVE,0,,unresolved,
486694,MAMA TU'S KORNER STORE,1000 E 76TH ST,0,2083652,recovered_name_addr,2083652
479236,TATE'S SOCIAL CLUB,4827 W CHICAGO AVE,0,,unresolved,
383255,CORNERSTONE COMMUNITY OUTREACH,4626-4652 N CLIFTON AVE,0,,unresolved,
469702,NICOLES SWEET SWEET TOUTH,11946 S HALSTED ST,0,,unresolved,
428391,BEST SUBS,2653 N WASTENAW AVE BLDG,0,,unresolved,
428224,IRISH AMERICAN HERITAGE CENTER,4626 N KNOX AVE,0,40543,recovered_name_addr,40543
347235,SUPERMERCADO GONZALEZ,2158 W 21ST PL,0,,ambiguous,1958950;2055584
335339,VRJ FOOD MART CO.,606 E 61ST ST FL,0,,unresolved,
414002,KIDS CAFE 1 & 2,1060 E 47TH ST,0,,unresolved,
413893,CHARLES HAYES FAMILY INVESTMENT CENTER INC,4455 S DR MARTIN LUTHER KIING JR DR,0,,unresolved,
120587,Stamper Cheese Company/The Cheese People,834-836 W Fulton Market ST,0,,unresolved,
383231,SALVATION  ARMY,800 W LAWRENCE AVE,0,,unresolved,
413631,SUPERMERCADO GONZALEZ,2158 W 21ST PL,0,,ambiguous,1958950;2055584
413465,JW MARRIOT CHICAGO,151 W Adams ST,0,,unresolved,
317283,WILLFEED PEACE KIDS CAFE,6455 S PEORIA ST,0,,unresolved,
383226,SALVATION  ARMY,800 W LAWRENCE AVE,0,,unresolved,
285145,SUPER TACOS LAS ASADAS,1500 S FAIRFIELD AVE,0,,unresolved,
285022,Breakthrough Urban Ministries,3330 W Carroll AVE BLDG,0,,unresolved,
284423,KENNEDY KING COLLEGE CHILD DEVELOPMENT CENTER,710 W 65TH ST,0,,unresolved,
284365,Greater Rock Church,718 S INDEPENDENCE BLVD,0,,unresolved,
284223,ASSUMPTION BVM CHURCH,2434 S CALIFORNIA AVE,0,,unresolved,
284253,NANNY'S WAFFALS HOUSE,8112 S STONY ISLAND AVE,0,,unresolved,
277972,Assumption Greek Orthodox Church,601 S Central AVE,0,,unresolved,
317234,ASSUMPTION BVM CHURCH,2434 S CALIFORNIA AVE,0,,unresolved,
339207,ST DEMETRIOS CHURCH,2727 W WINONA ST,,,unresolved,
277125,FLAV-O-RICIOUS,600 E GRAND AVE,0,1698226,recovered_name_addr,1698226
251297,CATHOLIC CHARITIES OF THE ARCHDIOCESE OF CHICAGO,6212 S SANGAMON,0,,unresolved,
256207,DELIVERANCE TEMPLE CHURCH,4014 W 15TH ST,0,,unresolved,
251161,ST.PANCRATIUS,2957 W 40TH PL,0,,unresolved,
205372,COUNTRY CORN,600 E GRAND AVE,0,1697181,recovered_name_addr,1697181
251120,NEW GREATER TRUE LIGHT MISSIONARY BAPTIST CHURCH,5401 W CHICAGO AVE,0,,unresolved,
205371,COUNTRY CORN,600 E GRAND AVE,0,1697181,recovered_name_addr,1697181
251072,"BIBLEWAY APOSTOLIC FAITH CHURCH, INC.",1807 S KOSTNER AVE,0,,unresolved,
251093,HERITAGE INTERNATIONAL CHRISTIAN CHURCH CHAPEL LO,5320 W NORTH AVE,0,,unresolved,
160407,ANNUNCIATION GREEK ORTHODOX CHURCH,1017 N LA SALLE DR,0,,unresolved,
251011,ST STANISLAUS B&M CHURCH,5352 W BELDEN AVE,0,,unresolved,
205361,CHURRO FACTORY,600 E GRAND AVE,0,,ambiguous,2049340;2423155
205359,AMERICA'S DOG,600 E GRAND AVE,0,,ambiguous,2261910;2262007;2470209
205358,AMERICA'S DOG,600 E GRAND AVE,0,,ambiguous,2261910;2262007;2470209
114508,Ben and Jerry's (Navy Pier),600 E GRAND AVE,0,,unresolved,
205360,CHURRO FACTORY,600 E GRAND AVE,0,,ambiguous,2049340;2423155
205362,COMPLETELY NUTS,600 E GRAND AVE,0,,ambiguous,2333366;2333367;2464968
114510,Ryba's Fudge Shops Inc,600 E GRAND AVE,0,,unresolved,
250853,BEAUTIFUL ZION MISSIONARY BAPTIST CHURCH,1406 W 64TH ST,0,,unresolved,
250869,RHEMA REVEAL,6843 S RACINE AVE,0,,unresolved,
250859,BELIEVE IN THINE HEART MINISTRIES,6000 S ASHLAND AVE,0,,unresolved,
250823,Dippin' Dots At Navy Pier,600 E GRAND AVE,0,,unresolved,
88411,ST. ANDREW'S GREEK ORTHODOX CHURCH,5649 N Sheridan RD,0,,unresolved,
250795,The Inner Voice,2678 W WASHINGTON ST,0,,unresolved,
250904,FARMER'S MARKET,3252 N BROADWAY,0,,unresolved,
205353,COMPLETELY NUTS,600 E GRAND AVE,0,,ambiguous,2333366;2333367;2464968
114502,Dippin' Dots At Navy Pier,600 E GRAND AVE,0,,unresolved,
229453,OLD ST. PATRICK'S CHURCH,700 W ADAMS ST,,,unresolved,
250665,St. Vincent De Paul Church,1010 W WEBSTER AVE,0,,unresolved,
120488,The Inner Voice,2678 W WASHINGTON ST,0,,unresolved,
60550,ST.PANCRATIUS,2957 W 40TH PL,0,,unresolved,
120483,The Inner Voice,2678 W WASHINGTON ST,0,,unresolved,
233862,Chicago Seventh Day Adventist,7008 S MICHIGAN AVE,0,9076,recovered_name_addr,9076
233830,PONCE PASEO BROROQUA GROCERY STORE,2706 W DIVERSEY AVE,0,,unresolved,
233658,MIDWEST BUDDHIST TEMPLE,435 W MENOMONEE,0,,unresolved,
233663,ST. GEORGE GREEK ORTHODOX CHURCH,2701 N SHEFFIELD AVE,0,,unresolved,
233577,ROSELAND CHRISTIAN MINISTRIES CENTER,10858 S MICHIGAN AVE,0,,unresolved,
74431,MICHAEL'S FRESH MARKET,1300 E 47TH ST BLDG,0,,unresolved,
70427,ST PASCAL CHURCH,3935 N MELVINA AVE,0,,unresolved,
52247,PEOPLES CHURCH OF CHICAGO,941 W LAWRENCE AVE,0,,unresolved,
120440,PACIFIC GARDEN MISSION,1458 S CANAL ST,0,,unresolved,
154349,CHURCH OF THE THREE CROSSES,333 W WISCONSIN ST,0,,unresolved,
52244,PEOPLES CHURCH OF CHICAGO,941 W LAWRENCE AVE,0,,unresolved,
68389,"TRIPLE A SERVICES, INC.",2637 S THROOP ST,0,,ambiguous,1224437;1224442;1224447;1224451;1335848;1335850;1679576;1679615;1679617;1679620;1680906;1680912;1802529;1802536;2009175;2009180;2009183;2009184;2009190;2009192;2009193;2009196;2009198;2009217;2009219;2009243;2009244;2009245;2009247;2009249;2009286;2009400;2009401;2009402;2009404;2009408;2009410;2009412;2009420;2009421;2009422;4528;4581;4587;4598;4600;4601
60405,CASA CENTRAL LA POSADA,,0,,unresolved,
58405,SOCIAL CLUB,1105 N CALIFORNIA AVE,0,,unresolved,
58385,SOCIAL CLUB,1105 N CALIFORNIA AVE,0,,unresolved,
120396,Pizza Hut,1531 W Taylor ST,0,,unresolved,
58356,SOCIAL CLUB,1105 N CALIFORNIA AVE,0,,unresolved,
58348,UNIVERSITY OF AESTHETICS/TOUCH CLINIC,1357 N MILWAUKEE AVE,0,,unresolved,
176500,Oasis Social Club,705 W 79th ST,0,,unresolved,
68320,TACOS REYNA,3522 E 100TH ST,0,,unresolved,
120331,Unlicensed Facility,324 N LEAVITT ST,0,,unresolved,
68074,BY THE HAND CLUB FOR KIDS,13015 S ELLIS ST,0,,unresolved,
120273,"QuiteFrankly,Ltd.",1400 S JEFFERSON ST,0,,unresolved,
